{
  "schemaVersion": 1,
  "timestamp": "2025-12-19T01:47:33.797Z",
  "suite": "pipeline",
  "runType": "warm",
  "env": {
    "browser": {
      "name": "Chrome",
      "version": "143.0.0.0"
    },
    "os": {
      "name": "macOS",
      "version": "10.15.7"
    },
    "gpu": {
      "vendor": "unknown",
      "device": "unknown",
      "description": "unknown"
    },
    "webgpu": {
      "hasF16": true,
      "hasSubgroups": true,
      "hasTimestampQuery": true
    }
  },
  "model": {
    "modelId": "gemma-1b-q4-flat",
    "quantization": "Q4_K_M",
    "totalSizeBytes": 997368320,
    "tensorCount": 340,
    "numLayers": 26,
    "hiddenSize": 1152
  },
  "workload": {
    "promptName": "xs",
    "promptTokens": 7,
    "maxNewTokens": 16,
    "sampling": {
      "temperature": 0,
      "topK": 1,
      "topP": 1
    }
  },
  "metrics": {
    "ttft_ms": 1103,
    "prefill_ms": 864,
    "prefill_tokens_per_sec": 8,
    "decode_ms_total": 2099,
    "decode_tokens_per_sec": 7,
    "gpu_submit_count_prefill": 14,
    "gpu_submit_count_decode": 61,
    "decode_ms_per_token_p50": 139.80000001192093,
    "decode_ms_per_token_p90": 151.0600000143051,
    "decode_ms_per_token_p99": 157.5159999895096,
    "gpu_readback_bytes_total": 3145908,
    "gpu_timestamp_available": true,
    "gpu_time_ms_prefill": 0,
    "gpu_time_ms_decode": 0,
    "estimated_vram_bytes_peak": 2912080640,
    "opfs_usage_bytes": 4104278904,
    "storage_persisted": false
  },
  "raw": {
    "decode_latencies_ms": [
      156.89999997615814,
      136.80000001192093,
      144.30000001192093,
      142,
      144.80000001192093,
      137.0999999642372,
      148.80000001192093,
      144.19999998807907,
      135.4000000357628,
      140.5999999642372,
      151.5,
      149.20000004768372,
      151,
      153.0999999642372,
      149.4000000357628
    ],
    "submit_times_ms": [
      0,
      0,
      0,
      0,
      0,
      0.09999996423721313,
      0,
      0,
      0,
      0,
      0.09999996423721313,
      0,
      0,
      0,
      0.10000002384185791,
      0,
      0,
      0,
      0,
      0,
      0,
      0,
      0,
      0,
      0,
      0,
      0,
      0,
      0,
      0,
      0,
      0,
      0,
      0,
      0.09999996423721313,
      0,
      0,
      0,
      0,
      0,
      0,
      0,
      0,
      0,
      0,
      0,
      0.09999996423721313,
      0,
      0,
      0,
      0,
      0,
      0,
      0,
      0,
      0,
      0,
      0,
      0,
      0,
      0.10000002384185791,
      0,
      0,
      0,
      0,
      0,
      0,
      0,
      0,
      0,
      0,
      0,
      0.10000002384185791,
      0.10000002384185791,
      0,
      0
    ],
    "generated_token_ids": [
      3730,
      2258,
      1547,
      529,
      506,
      6219,
      529,
      19846,
      532,
      12123,
      13757,
      528,
      506,
      11661,
      236761,
      108
    ],
    "generated_text": " blue color because of the presence of nitrogen and oxygen molecules in the atmosphere.\n\n"
  }
}